text,label
The Client shall pay the agreed fee within thirty days of receiving each invoice.,Payment
Late payments will attract interest at two percent per month on the outstanding amount.,Payment
All fees are payable in instalments as set out in the payment schedule.,Payment
Invoices must be settled by bank transfer and the fee is non-refundable.,Payment
Either party may terminate this Agreement by giving thirty days written notice to the other party.,Termination
The Client may terminate this Agreement immediately upon a material breach by the Service Provider.,Termination
Upon termination all rights granted under this Agreement shall cease immediately.,Termination
This Agreement may be cancelled by either party if the other becomes insolvent.,Termination
Each party shall keep all Confidential Information secret and not disclose it to any third party.,Confidentiality
The receiving party must use confidential information solely for the purposes of this Agreement.,Confidentiality
The obligation of non-disclosure shall survive for five years after termination.,Confidentiality
Confidential Information does not include information that is already public.,Confidentiality
The liability of either party shall not exceed the total fees paid under this Agreement.,Liability
Neither party is liable for indirect or consequential damages arising from this Agreement.,Liability
The Service Provider's liability for losses shall be limited to the amount of the annual fee.,Liability
Liability for damages caused by gross negligence shall not be excluded.,Liability
"The Service Provider shall indemnify the Client against all claims, losses and expenses arising from its breach.",Indemnity
Each party agrees to indemnify and hold harmless the other from third party claims.,Indemnity
The indemnifying party shall bear all legal costs of defending any claim.,Indemnity
The Client shall indemnify the Service Provider against losses caused by misuse of the deliverables.,Indemnity
All work product created under this Agreement shall be owned by the Client upon full payment.,Intellectual property
The Service Provider retains ownership of its pre-existing intellectual property and tools.,Intellectual property
The Client is granted a non-exclusive licence to use the software and copyright materials.,Intellectual property
The author waives all moral rights in the deliverables.,Intellectual property
This Agreement shall be governed by and construed in accordance with the laws of India.,Governing law
The governing law of this contract is the law of the State of Telangana.,Governing law
This Agreement is interpreted under the laws of England and Wales.,Governing law
The laws of the State of New York shall apply to this contract.,Governing law
Any dispute arising out of this Agreement shall be referred to arbitration in Hyderabad.,Dispute resolution
The courts of Bengaluru shall have exclusive jurisdiction over any dispute.,Dispute resolution
The parties shall first attempt to resolve any dispute through good faith negotiation.,Dispute resolution
Disputes will be settled by a sole arbitrator under the Arbitration and Conciliation Act.,Dispute resolution
The Service Provider shall not provide similar services to any competitor of the Client for twenty four months.,Non-compete
During the term the Employee shall not engage in any competing business.,Non-compete
The party agrees not to solicit the customers or employees of the other for one year.,Non-compete
A non-compete restriction applies within the territory for the duration of the Agreement.,Non-compete
This Agreement runs for twelve months and shall automatically renew for successive terms.,Renewal and term
The initial term of this Agreement is three years from the effective date.,Renewal and term
Either party may decline renewal by giving sixty days notice before expiry.,Renewal and term
This Agreement commences on the effective date and continues until the expiry date.,Renewal and term
The Service Provider warrants that the services will be performed with reasonable skill and care.,Warranty
Each party represents that it has full authority to enter into this Agreement.,Warranty
The software is provided as is without warranty of any kind.,Warranty
The Seller warrants that the goods are free from defects for twelve months.,Warranty
Neither party is liable for delay caused by force majeure events beyond its reasonable control.,Force majeure
"Force majeure includes natural disasters, war, epidemics and government action.",Force majeure
If a force majeure event continues for sixty days either party may end the Agreement.,Force majeure
The affected party must promptly notify the other of the force majeure event.,Force majeure
The Service Provider shall deliver the software development services described in Schedule A.,Services
"The scope of work includes design, development, testing and deployment of the platform.",Services
The deliverables shall be completed and handed over by the agreed milestone dates.,Services
The Supplier will provide maintenance and support services during the term.,Services
